x, y
autogen1:Match2, ""2002-07-15T00:00:00"^^xsd:dateTime"
autogen1:Match969, ""2004-06-03T00:00:00"^^xsd:dateTime"
autogen1:Match958, ""2004-06-15T00:00:00"^^xsd:dateTime"
autogen1:Match954, ""2004-07-19T00:00:00"^^xsd:dateTime"
autogen1:Match348, ""2004-08-07T00:00:00"^^xsd:dateTime"
autogen1:Match337, ""2004-11-13T00:00:00"^^xsd:dateTime"
autogen1:Match953, ""2004-11-15T00:00:00"^^xsd:dateTime"
autogen1:Match858, ""2004-12-07T00:00:00"^^xsd:dateTime"
autogen1:Match947, ""2005-04-13T00:00:00"^^xsd:dateTime"
autogen1:Match325, ""2005-05-02T00:00:00"^^xsd:dateTime"
autogen1:Match993, ""2005-09-19T00:00:00"^^xsd:dateTime"
autogen1:Match942, ""2005-10-17T00:00:00"^^xsd:dateTime"
autogen1:Match54, ""2005-11-04T00:00:00"^^xsd:dateTime"
autogen1:Match314, ""2005-12-05T00:00:00"^^xsd:dateTime"
autogen1:Match916, ""2006-06-17T00:00:00"^^xsd:dateTime"
autogen1:Match747, ""2006-08-30T00:00:00"^^xsd:dateTime"
autogen1:Match992, ""2006-10-16T00:00:00"^^xsd:dateTime"
autogen1:Match915, ""2007-03-29T00:00:00"^^xsd:dateTime"
autogen1:Match847, ""2007-08-28T00:00:00"^^xsd:dateTime"
autogen1:Match897, ""2008-03-31T00:00:00"^^xsd:dateTime"
autogen1:Match906, ""2008-04-14T00:00:00"^^xsd:dateTime"
autogen1:Match979, ""2008-04-14T00:00:00"^^xsd:dateTime"
autogen1:Match896, ""2008-05-19T00:00:00"^^xsd:dateTime"
autogen1:Match949, ""2008-06-16T00:00:00"^^xsd:dateTime"
autogen1:Match814, ""2008-09-30T00:00:00"^^xsd:dateTime"
autogen1:Match370, ""2008-10-25T00:00:00"^^xsd:dateTime"
autogen1:Match102, ""2008-10-31T00:00:00"^^xsd:dateTime"
autogen1:Match110, ""2008-10-31T00:00:00"^^xsd:dateTime"
autogen1:Match119, ""2008-10-31T00:00:00"^^xsd:dateTime"
autogen1:Match87, ""2008-10-31T00:00:00"^^xsd:dateTime"
autogen1:Match647, ""2009-06-26T00:00:00"^^xsd:dateTime"
autogen1:Match895, ""2009-08-01T00:00:00"^^xsd:dateTime"
autogen1:Match978, ""2009-08-01T00:00:00"^^xsd:dateTime"
autogen1:Match914, ""2009-08-04T00:00:00"^^xsd:dateTime"
autogen1:Match865, ""2009-08-22T00:00:00"^^xsd:dateTime"
autogen1:Match866, ""2009-08-22T00:00:00"^^xsd:dateTime"
autogen1:Match867, ""2009-08-22T00:00:00"^^xsd:dateTime"
autogen1:Match886, ""2009-09-05T00:00:00"^^xsd:dateTime"
autogen1:Match905, ""2009-10-02T00:00:00"^^xsd:dateTime"
autogen1:Match936, ""2009-11-10T00:00:00"^^xsd:dateTime"
autogen1:Match912, ""2009-12-18T00:00:00"^^xsd:dateTime"
autogen1:Match945, ""2009-12-18T00:00:00"^^xsd:dateTime"
autogen1:Match987, ""2009-12-18T00:00:00"^^xsd:dateTime"
autogen1:Match990, ""2009-12-18T00:00:00"^^xsd:dateTime"
autogen1:Match925, ""2010-02-02T00:00:00"^^xsd:dateTime"
autogen1:Match803, ""2010-03-09T00:00:00"^^xsd:dateTime"
autogen1:Match903, ""2010-05-11T00:00:00"^^xsd:dateTime"
autogen1:Match934, ""2010-06-04T00:00:00"^^xsd:dateTime"
autogen1:Match963, ""2010-06-04T00:00:00"^^xsd:dateTime"
autogen1:Match911, ""2010-06-18T00:00:00"^^xsd:dateTime"
autogen1:Match962, ""2010-06-18T00:00:00"^^xsd:dateTime"
autogen1:Match933, ""2010-07-02T00:00:00"^^xsd:dateTime"
autogen1:Match892, ""2010-07-13T00:00:00"^^xsd:dateTime"
autogen1:Match161, ""2010-07-24T00:00:00"^^xsd:dateTime"
autogen1:Match163, ""2010-07-24T00:00:00"^^xsd:dateTime"
autogen1:Match168, ""2010-07-24T00:00:00"^^xsd:dateTime"
autogen1:Match169, ""2010-07-24T00:00:00"^^xsd:dateTime"
autogen1:Match171, ""2010-07-24T00:00:00"^^xsd:dateTime"
autogen1:Match174, ""2010-07-24T00:00:00"^^xsd:dateTime"
autogen1:Match175, ""2010-07-24T00:00:00"^^xsd:dateTime"
autogen1:Match177, ""2010-07-24T00:00:00"^^xsd:dateTime"
autogen1:Match179, ""2010-07-24T00:00:00"^^xsd:dateTime"
autogen1:Match104, ""2010-07-30T00:00:00"^^xsd:dateTime"
autogen1:Match961, ""2010-08-21T00:00:00"^^xsd:dateTime"
autogen1:Match966, ""2010-08-27T00:00:00"^^xsd:dateTime"
autogen1:Match894, ""2010-08-28T00:00:00"^^xsd:dateTime"
autogen1:Match948, ""2010-08-28T00:00:00"^^xsd:dateTime"
autogen1:Match880, ""2010-08-31T00:00:00"^^xsd:dateTime"
autogen1:Match977, ""2010-10-22T00:00:00"^^xsd:dateTime"
autogen1:Match946, ""2010-11-27T00:00:00"^^xsd:dateTime"
autogen1:Match869, ""2010-11-30T00:00:00"^^xsd:dateTime"
autogen1:Match910, ""2010-12-03T00:00:00"^^xsd:dateTime"
autogen1:Match965, ""2010-12-03T00:00:00"^^xsd:dateTime"
autogen1:Match976, ""2010-12-03T00:00:00"^^xsd:dateTime"
autogen1:Match381, ""2010-12-09T00:00:00"^^xsd:dateTime"
autogen1:Match392, ""2010-12-09T00:00:00"^^xsd:dateTime"
autogen1:Match792, ""2010-12-14T00:00:00"^^xsd:dateTime"
autogen1:Match166, ""2010-12-18T00:00:00"^^xsd:dateTime"
autogen1:Match167, ""2010-12-18T00:00:00"^^xsd:dateTime"
autogen1:Match176, ""2010-12-18T00:00:00"^^xsd:dateTime"
autogen1:Match836, ""2011-01-18T00:00:00"^^xsd:dateTime"
autogen1:Match670, ""2011-02-26T00:00:00"^^xsd:dateTime"
autogen1:Match781, ""2011-03-01T00:00:00"^^xsd:dateTime"
autogen1:Match882, ""2011-03-25T00:00:00"^^xsd:dateTime"
autogen1:Match960, ""2011-03-25T00:00:00"^^xsd:dateTime"
autogen1:Match53, ""2011-04-15T00:00:00"^^xsd:dateTime"
autogen1:Match75, ""2011-04-15T00:00:00"^^xsd:dateTime"
autogen1:Match757, ""2011-06-05T00:00:00"^^xsd:dateTime"
autogen1:Match763, ""2011-06-05T00:00:00"^^xsd:dateTime"
autogen1:Match768, ""2011-06-05T00:00:00"^^xsd:dateTime"
autogen1:Match932, ""2011-07-08T00:00:00"^^xsd:dateTime"
autogen1:Match881, ""2011-10-08T00:00:00"^^xsd:dateTime"
autogen1:Match959, ""2011-10-08T00:00:00"^^xsd:dateTime"
autogen1:Match92, ""2011-11-03T00:00:00"^^xsd:dateTime"
autogen1:Match879, ""2011-11-05T00:00:00"^^xsd:dateTime"
autogen1:Match636, ""2011-12-17T00:00:00"^^xsd:dateTime"
autogen1:Match878, ""2012-01-14T00:00:00"^^xsd:dateTime"
autogen1:Match938, ""2012-01-14T00:00:00"^^xsd:dateTime"
autogen1:Match964, ""2012-01-14T00:00:00"^^xsd:dateTime"
autogen1:Match183, ""2012-01-21T00:00:00"^^xsd:dateTime"
autogen1:Match184, ""2012-01-21T00:00:00"^^xsd:dateTime"
autogen1:Match185, ""2012-01-21T00:00:00"^^xsd:dateTime"
autogen1:Match186, ""2012-01-21T00:00:00"^^xsd:dateTime"
autogen1:Match187, ""2012-01-21T00:00:00"^^xsd:dateTime"
autogen1:Match50, ""2012-02-24T00:00:00"^^xsd:dateTime"
autogen1:Match67, ""2012-02-24T00:00:00"^^xsd:dateTime"
autogen1:Match885, ""2012-03-03T00:00:00"^^xsd:dateTime"
autogen1:Match918, ""2012-03-03T00:00:00"^^xsd:dateTime"
autogen1:Match825, ""2012-03-06T00:00:00"^^xsd:dateTime"
autogen1:Match49, ""2012-03-30T00:00:00"^^xsd:dateTime"
autogen1:Match558, ""2012-03-30T00:00:00"^^xsd:dateTime"
autogen1:Match875, ""2012-05-05T00:00:00"^^xsd:dateTime"
autogen1:Match877, ""2012-05-05T00:00:00"^^xsd:dateTime"
autogen1:Match909, ""2012-05-05T00:00:00"^^xsd:dateTime"
autogen1:Match957, ""2012-05-05T00:00:00"^^xsd:dateTime"
autogen1:Match25, ""2012-05-18T00:00:00"^^xsd:dateTime"
autogen1:Match47, ""2012-05-18T00:00:00"^^xsd:dateTime"
autogen1:Match8, ""2012-05-18T00:00:00"^^xsd:dateTime"
autogen1:Match359, ""2012-06-29T00:00:00"^^xsd:dateTime"
autogen1:Match447, ""2012-06-29T00:00:00"^^xsd:dateTime"
autogen1:Match991, ""2012-07-10T00:00:00"^^xsd:dateTime"
autogen1:Match22, ""2012-07-13T00:00:00"^^xsd:dateTime"
autogen1:Match46, ""2012-07-13T00:00:00"^^xsd:dateTime"
autogen1:Match61, ""2012-07-13T00:00:00"^^xsd:dateTime"
autogen1:Match766, ""2012-07-19T00:00:00"^^xsd:dateTime"
autogen1:Match774, ""2012-07-19T00:00:00"^^xsd:dateTime"
autogen1:Match876, ""2012-07-21T00:00:00"^^xsd:dateTime"
autogen1:Match924, ""2012-07-21T00:00:00"^^xsd:dateTime"
autogen1:Match927, ""2012-07-21T00:00:00"^^xsd:dateTime"
autogen1:Match769, ""2012-08-21T00:00:00"^^xsd:dateTime"
autogen1:Match12, ""2012-09-14T00:00:00"^^xsd:dateTime"
autogen1:Match28, ""2012-09-14T00:00:00"^^xsd:dateTime"
autogen1:Match45, ""2012-09-14T00:00:00"^^xsd:dateTime"
autogen1:Match66, ""2012-09-14T00:00:00"^^xsd:dateTime"
autogen1:Match980, ""2012-10-09T00:00:00"^^xsd:dateTime"
autogen1:Match625, ""2012-10-27T00:00:00"^^xsd:dateTime"
autogen1:Match21, ""2012-11-09T00:00:00"^^xsd:dateTime"
autogen1:Match44, ""2012-11-09T00:00:00"^^xsd:dateTime"
autogen1:Match55, ""2012-11-09T00:00:00"^^xsd:dateTime"
autogen1:Match60, ""2012-11-09T00:00:00"^^xsd:dateTime"
autogen1:Match65, ""2012-11-09T00:00:00"^^xsd:dateTime"
autogen1:Match758, ""2012-11-13T00:00:00"^^xsd:dateTime"
autogen1:Match336, ""2012-11-16T00:00:00"^^xsd:dateTime"
autogen1:Match658, ""2012-12-15T00:00:00"^^xsd:dateTime"
autogen1:Match43, ""2012-12-21T00:00:00"^^xsd:dateTime"
autogen1:Match52, ""2012-12-21T00:00:00"^^xsd:dateTime"
autogen1:Match64, ""2012-12-21T00:00:00"^^xsd:dateTime"
autogen1:Match74, ""2012-12-21T00:00:00"^^xsd:dateTime"
autogen1:Match972, ""2013-03-29T00:00:00"^^xsd:dateTime"
autogen1:Match754, ""2013-05-17T00:00:00"^^xsd:dateTime"
autogen1:Match755, ""2013-05-17T00:00:00"^^xsd:dateTime"
autogen1:Match756, ""2013-05-17T00:00:00"^^xsd:dateTime"
autogen1:Match759, ""2013-05-17T00:00:00"^^xsd:dateTime"
autogen1:Match760, ""2013-05-17T00:00:00"^^xsd:dateTime"
autogen1:Match761, ""2013-05-17T00:00:00"^^xsd:dateTime"
autogen1:Match762, ""2013-05-17T00:00:00"^^xsd:dateTime"
autogen1:Match764, ""2013-05-17T00:00:00"^^xsd:dateTime"
autogen1:Match765, ""2013-05-17T00:00:00"^^xsd:dateTime"
autogen1:Match772, ""2013-05-17T00:00:00"^^xsd:dateTime"
autogen1:Match225, ""2013-06-07T00:00:00"^^xsd:dateTime"
autogen1:Match142, ""2013-06-21T00:00:00"^^xsd:dateTime"
autogen1:Match146, ""2013-06-21T00:00:00"^^xsd:dateTime"
autogen1:Match153, ""2013-06-21T00:00:00"^^xsd:dateTime"
autogen1:Match154, ""2013-06-21T00:00:00"^^xsd:dateTime"
autogen1:Match155, ""2013-06-21T00:00:00"^^xsd:dateTime"
autogen1:Match24, ""2013-08-30T00:00:00"^^xsd:dateTime"
autogen1:Match78, ""2013-08-30T00:00:00"^^xsd:dateTime"
autogen1:Match767, ""2013-10-10T00:00:00"^^xsd:dateTime"
autogen1:Match770, ""2013-10-10T00:00:00"^^xsd:dateTime"
autogen1:Match771, ""2013-10-10T00:00:00"^^xsd:dateTime"
autogen1:Match773, ""2013-10-10T00:00:00"^^xsd:dateTime"
autogen1:Match156, ""2013-10-26T00:00:00"^^xsd:dateTime"
autogen1:Match157, ""2013-10-26T00:00:00"^^xsd:dateTime"
autogen1:Match158, ""2013-10-26T00:00:00"^^xsd:dateTime"
autogen1:Match160, ""2013-10-26T00:00:00"^^xsd:dateTime"
autogen1:Match165, ""2013-10-26T00:00:00"^^xsd:dateTime"
autogen1:Match172, ""2013-10-26T00:00:00"^^xsd:dateTime"
autogen1:Match178, ""2013-10-26T00:00:00"^^xsd:dateTime"
autogen1:Match114, ""2013-11-08T00:00:00"^^xsd:dateTime"
autogen1:Match181, ""2013-11-11T00:00:00"^^xsd:dateTime"
autogen1:Match281, ""2013-11-11T00:00:00"^^xsd:dateTime"
autogen1:Match162, ""2014-01-31T00:00:00"^^xsd:dateTime"
autogen1:Match164, ""2014-01-31T00:00:00"^^xsd:dateTime"
autogen1:Match173, ""2014-01-31T00:00:00"^^xsd:dateTime"
autogen1:Match270, ""2014-04-20T00:00:00"^^xsd:dateTime"
autogen1:Match884, ""2014-05-24T00:00:00"^^xsd:dateTime"
autogen1:Match902, ""2014-05-24T00:00:00"^^xsd:dateTime"
autogen1:Match944, ""2014-05-24T00:00:00"^^xsd:dateTime"
autogen1:Match975, ""2014-05-24T00:00:00"^^xsd:dateTime"
autogen1:Match188, ""2014-05-30T00:00:00"^^xsd:dateTime"
autogen1:Match193, ""2014-05-30T00:00:00"^^xsd:dateTime"
autogen1:Match195, ""2014-05-30T00:00:00"^^xsd:dateTime"
autogen1:Match196, ""2014-05-30T00:00:00"^^xsd:dateTime"
autogen1:Match199, ""2014-05-30T00:00:00"^^xsd:dateTime"
autogen1:Match190, ""2014-11-08T00:00:00"^^xsd:dateTime"
autogen1:Match194, ""2014-11-08T00:00:00"^^xsd:dateTime"
autogen1:Match137, ""2014-11-11T00:00:00"^^xsd:dateTime"
autogen1:Match226, ""2014-11-11T00:00:00"^^xsd:dateTime"
autogen1:Match259, ""2014-11-11T00:00:00"^^xsd:dateTime"
autogen1:Match303, ""2014-11-11T00:00:00"^^xsd:dateTime"
autogen1:Match189, ""2014-11-29T00:00:00"^^xsd:dateTime"
autogen1:Match191, ""2014-11-29T00:00:00"^^xsd:dateTime"
autogen1:Match197, ""2014-11-29T00:00:00"^^xsd:dateTime"
autogen1:Match143, ""2015-04-25T00:00:00"^^xsd:dateTime"
autogen1:Match145, ""2015-04-25T00:00:00"^^xsd:dateTime"
autogen1:Match149, ""2015-04-25T00:00:00"^^xsd:dateTime"
autogen1:Match124, ""2015-05-30T00:00:00"^^xsd:dateTime"
autogen1:Match125, ""2015-05-30T00:00:00"^^xsd:dateTime"
autogen1:Match129, ""2015-05-30T00:00:00"^^xsd:dateTime"
autogen1:Match130, ""2015-05-30T00:00:00"^^xsd:dateTime"
autogen1:Match132, ""2015-05-30T00:00:00"^^xsd:dateTime"
autogen1:Match134, ""2015-05-30T00:00:00"^^xsd:dateTime"
autogen1:Match136, ""2015-05-30T00:00:00"^^xsd:dateTime"
autogen1:Match139, ""2015-05-30T00:00:00"^^xsd:dateTime"
autogen1:Match140, ""2015-05-30T00:00:00"^^xsd:dateTime"
autogen1:Match141, ""2015-05-30T00:00:00"^^xsd:dateTime"
autogen1:Match127, ""2015-07-10T00:00:00"^^xsd:dateTime"
autogen1:Match128, ""2015-07-10T00:00:00"^^xsd:dateTime"
autogen1:Match131, ""2015-07-10T00:00:00"^^xsd:dateTime"
autogen1:Match133, ""2015-07-10T00:00:00"^^xsd:dateTime"
autogen1:Match135, ""2015-07-10T00:00:00"^^xsd:dateTime"
autogen1:Match138, ""2015-07-10T00:00:00"^^xsd:dateTime"
autogen1:Match42, ""2015-10-23T00:00:00"^^xsd:dateTime"
autogen1:Match115, ""2015-11-11T00:00:00"^^xsd:dateTime"
autogen1:Match159, ""2015-11-11T00:00:00"^^xsd:dateTime"
autogen1:Match170, ""2015-11-11T00:00:00"^^xsd:dateTime"
autogen1:Match203, ""2015-11-11T00:00:00"^^xsd:dateTime"
autogen1:Match214, ""2015-11-11T00:00:00"^^xsd:dateTime"
autogen1:Match248, ""2015-11-11T00:00:00"^^xsd:dateTime"
autogen1:Match180, ""2015-11-14T00:00:00"^^xsd:dateTime"
autogen1:Match182, ""2015-11-14T00:00:00"^^xsd:dateTime"
autogen1:Match103, ""2015-12-21T00:00:00"^^xsd:dateTime"
autogen1:Match81, ""2015-12-21T00:00:00"^^xsd:dateTime"
autogen1:Match73, ""2016-03-04T00:00:00"^^xsd:dateTime"
autogen1:Match80, ""2016-03-04T00:00:00"^^xsd:dateTime"
autogen1:Match32, ""2016-05-13T00:00:00"^^xsd:dateTime"
autogen1:Match6, ""2016-05-13T00:00:00"^^xsd:dateTime"
autogen1:Match871, ""2016-07-30T00:00:00"^^xsd:dateTime"
autogen1:Match873, ""2016-07-30T00:00:00"^^xsd:dateTime"
autogen1:Match874, ""2016-07-30T00:00:00"^^xsd:dateTime"
autogen1:Match898, ""2016-07-30T00:00:00"^^xsd:dateTime"
autogen1:Match919, ""2016-07-30T00:00:00"^^xsd:dateTime"
autogen1:Match985, ""2016-07-30T00:00:00"^^xsd:dateTime"
autogen1:Match999, ""2016-07-30T00:00:00"^^xsd:dateTime"
autogen1:Match59, ""2016-09-18T00:00:00"^^xsd:dateTime"
autogen1:Match70, ""2016-09-18T00:00:00"^^xsd:dateTime"
autogen1:Match872, ""2017-04-01T00:00:00"^^xsd:dateTime"
autogen1:Match921, ""2017-04-01T00:00:00"^^xsd:dateTime"
autogen1:Match956, ""2017-04-01T00:00:00"^^xsd:dateTime"
autogen1:Match986, ""2017-04-01T00:00:00"^^xsd:dateTime"
autogen1:Match989, ""2017-04-01T00:00:00"^^xsd:dateTime"
autogen1:Match998, ""2017-04-01T00:00:00"^^xsd:dateTime"
autogen1:Match144, ""2017-05-27T00:00:00"^^xsd:dateTime"
autogen1:Match147, ""2017-05-27T00:00:00"^^xsd:dateTime"
autogen1:Match150, ""2017-05-27T00:00:00"^^xsd:dateTime"
autogen1:Match151, ""2017-05-27T00:00:00"^^xsd:dateTime"
autogen1:Match152, ""2017-05-27T00:00:00"^^xsd:dateTime"
autogen1:Match10, ""2017-06-30T00:00:00"^^xsd:dateTime"
autogen1:Match16, ""2017-06-30T00:00:00"^^xsd:dateTime"
autogen1:Match31, ""2017-06-30T00:00:00"^^xsd:dateTime"
autogen1:Match41, ""2017-06-30T00:00:00"^^xsd:dateTime"
autogen1:Match77, ""2017-06-30T00:00:00"^^xsd:dateTime"
autogen1:Match126, ""2017-11-11T00:00:00"^^xsd:dateTime"
autogen1:Match148, ""2017-11-11T00:00:00"^^xsd:dateTime"
autogen1:Match192, ""2017-11-11T00:00:00"^^xsd:dateTime"
autogen1:Match237, ""2017-11-11T00:00:00"^^xsd:dateTime"
autogen1:Match292, ""2017-11-11T00:00:00"^^xsd:dateTime"
autogen1:Match198, ""2017-11-27T00:00:00"^^xsd:dateTime"
autogen1:Match40, ""2017-12-01T00:00:00"^^xsd:dateTime"
autogen1:Match72, ""2017-12-01T00:00:00"^^xsd:dateTime"
autogen1:Match76, ""2017-12-01T00:00:00"^^xsd:dateTime"
autogen1:Match900, ""2018-01-27T00:00:00"^^xsd:dateTime"
autogen1:Match928, ""2018-01-27T00:00:00"^^xsd:dateTime"
autogen1:Match952, ""2018-01-27T00:00:00"^^xsd:dateTime"
autogen1:Match971, ""2018-01-27T00:00:00"^^xsd:dateTime"
autogen1:Match994, ""2018-01-27T00:00:00"^^xsd:dateTime"
autogen1:Match997, ""2018-01-27T00:00:00"^^xsd:dateTime"
autogen1:Match20, ""2018-03-02T00:00:00"^^xsd:dateTime"
autogen1:Match30, ""2018-03-02T00:00:00"^^xsd:dateTime"
autogen1:Match39, ""2018-03-02T00:00:00"^^xsd:dateTime"
autogen1:Match58, ""2018-03-02T00:00:00"^^xsd:dateTime"
autogen1:Match7, ""2018-03-02T00:00:00"^^xsd:dateTime"
autogen1:Match71, ""2018-03-02T00:00:00"^^xsd:dateTime"
autogen1:Match38, ""2018-03-16T00:00:00"^^xsd:dateTime"
autogen1:Match123, ""2018-03-17T00:00:00"^^xsd:dateTime"
autogen1:Match19, ""2018-05-04T00:00:00"^^xsd:dateTime"
autogen1:Match36, ""2018-05-04T00:00:00"^^xsd:dateTime"
autogen1:Match82, ""2018-05-04T00:00:00"^^xsd:dateTime"
autogen1:Match13, ""2018-06-01T00:00:00"^^xsd:dateTime"
autogen1:Match35, ""2018-06-01T00:00:00"^^xsd:dateTime"
autogen1:Match9, ""2018-06-01T00:00:00"^^xsd:dateTime"
autogen1:Match775, ""2018-06-02T00:00:00"^^xsd:dateTime"
autogen1:Match776, ""2018-06-02T00:00:00"^^xsd:dateTime"
autogen1:Match804, ""2018-06-02T00:00:00"^^xsd:dateTime"
autogen1:Match823, ""2018-06-02T00:00:00"^^xsd:dateTime"
autogen1:Match844, ""2018-06-02T00:00:00"^^xsd:dateTime"
autogen1:Match845, ""2018-06-02T00:00:00"^^xsd:dateTime"
autogen1:Match859, ""2018-06-02T00:00:00"^^xsd:dateTime"
autogen1:Match394, ""2018-06-09T00:00:00"^^xsd:dateTime"
autogen1:Match415, ""2018-06-09T00:00:00"^^xsd:dateTime"
autogen1:Match418, ""2018-06-09T00:00:00"^^xsd:dateTime"
autogen1:Match575, ""2018-06-09T00:00:00"^^xsd:dateTime"
autogen1:Match588, ""2018-06-09T00:00:00"^^xsd:dateTime"
autogen1:Match593, ""2018-06-09T00:00:00"^^xsd:dateTime"
autogen1:Match724, ""2018-06-09T00:00:00"^^xsd:dateTime"
autogen1:Match889, ""2018-06-09T00:00:00"^^xsd:dateTime"
autogen1:Match899, ""2018-06-09T00:00:00"^^xsd:dateTime"
autogen1:Match970, ""2018-06-09T00:00:00"^^xsd:dateTime"
autogen1:Match984, ""2018-06-09T00:00:00"^^xsd:dateTime"
autogen1:Match108, ""2018-06-22T00:00:00"^^xsd:dateTime"
autogen1:Match88, ""2018-06-22T00:00:00"^^xsd:dateTime"
autogen1:Match94, ""2018-06-22T00:00:00"^^xsd:dateTime"
autogen1:Match18, ""2018-06-29T00:00:00"^^xsd:dateTime"
autogen1:Match27, ""2018-06-29T00:00:00"^^xsd:dateTime"
autogen1:Match389, ""2018-06-29T00:00:00"^^xsd:dateTime"
autogen1:Match396, ""2018-06-29T00:00:00"^^xsd:dateTime"
autogen1:Match532, ""2018-06-29T00:00:00"^^xsd:dateTime"
autogen1:Match68, ""2018-06-29T00:00:00"^^xsd:dateTime"
autogen1:Match779, ""2018-07-14T00:00:00"^^xsd:dateTime"
autogen1:Match791, ""2018-07-14T00:00:00"^^xsd:dateTime"
autogen1:Match805, ""2018-07-14T00:00:00"^^xsd:dateTime"
autogen1:Match816, ""2018-07-14T00:00:00"^^xsd:dateTime"
autogen1:Match829, ""2018-07-14T00:00:00"^^xsd:dateTime"
autogen1:Match850, ""2018-07-14T00:00:00"^^xsd:dateTime"
autogen1:Match856, ""2018-07-14T00:00:00"^^xsd:dateTime"
autogen1:Match783, ""2018-07-27T00:00:00"^^xsd:dateTime"
autogen1:Match788, ""2018-07-27T00:00:00"^^xsd:dateTime"
autogen1:Match795, ""2018-07-27T00:00:00"^^xsd:dateTime"
autogen1:Match796, ""2018-07-27T00:00:00"^^xsd:dateTime"
autogen1:Match798, ""2018-07-27T00:00:00"^^xsd:dateTime"
autogen1:Match801, ""2018-07-27T00:00:00"^^xsd:dateTime"
autogen1:Match808, ""2018-07-27T00:00:00"^^xsd:dateTime"
autogen1:Match819, ""2018-07-27T00:00:00"^^xsd:dateTime"
autogen1:Match831, ""2018-07-27T00:00:00"^^xsd:dateTime"
autogen1:Match834, ""2018-07-27T00:00:00"^^xsd:dateTime"
autogen1:Match842, ""2018-07-27T00:00:00"^^xsd:dateTime"
autogen1:Match848, ""2018-07-27T00:00:00"^^xsd:dateTime"
autogen1:Match849, ""2018-07-27T00:00:00"^^xsd:dateTime"
autogen1:Match854, ""2018-07-27T00:00:00"^^xsd:dateTime"
autogen1:Match888, ""2018-07-28T00:00:00"^^xsd:dateTime"
autogen1:Match893, ""2018-07-28T00:00:00"^^xsd:dateTime"
autogen1:Match943, ""2018-07-28T00:00:00"^^xsd:dateTime"
autogen1:Match968, ""2018-07-28T00:00:00"^^xsd:dateTime"
autogen1:Match996, ""2018-07-28T00:00:00"^^xsd:dateTime"
autogen1:Match213, ""2018-08-11T00:00:00"^^xsd:dateTime"
autogen1:Match269, ""2018-08-11T00:00:00"^^xsd:dateTime"
autogen1:Match365, ""2018-08-11T00:00:00"^^xsd:dateTime"
autogen1:Match443, ""2018-08-11T00:00:00"^^xsd:dateTime"
autogen1:Match621, ""2018-08-11T00:00:00"^^xsd:dateTime"
autogen1:Match642, ""2018-08-11T00:00:00"^^xsd:dateTime"
autogen1:Match718, ""2018-08-11T00:00:00"^^xsd:dateTime"
autogen1:Match720, ""2018-08-11T00:00:00"^^xsd:dateTime"
autogen1:Match122, ""2018-08-14T00:00:00"^^xsd:dateTime"
autogen1:Match86, ""2018-08-14T00:00:00"^^xsd:dateTime"
autogen1:Match99, ""2018-08-14T00:00:00"^^xsd:dateTime"
autogen1:Match208, ""2018-08-17T00:00:00"^^xsd:dateTime"
autogen1:Match228, ""2018-08-17T00:00:00"^^xsd:dateTime"
autogen1:Match253, ""2018-08-17T00:00:00"^^xsd:dateTime"
autogen1:Match295, ""2018-08-17T00:00:00"^^xsd:dateTime"
autogen1:Match330, ""2018-08-17T00:00:00"^^xsd:dateTime"
autogen1:Match387, ""2018-08-17T00:00:00"^^xsd:dateTime"
autogen1:Match654, ""2018-08-17T00:00:00"^^xsd:dateTime"
autogen1:Match678, ""2018-08-17T00:00:00"^^xsd:dateTime"
autogen1:Match738, ""2018-08-17T00:00:00"^^xsd:dateTime"
autogen1:Match320, ""2018-08-18T00:00:00"^^xsd:dateTime"
autogen1:Match367, ""2018-08-18T00:00:00"^^xsd:dateTime"
autogen1:Match373, ""2018-08-18T00:00:00"^^xsd:dateTime"
autogen1:Match442, ""2018-08-18T00:00:00"^^xsd:dateTime"
autogen1:Match467, ""2018-08-18T00:00:00"^^xsd:dateTime"
autogen1:Match613, ""2018-08-18T00:00:00"^^xsd:dateTime"
autogen1:Match690, ""2018-08-18T00:00:00"^^xsd:dateTime"
autogen1:Match785, ""2018-08-24T00:00:00"^^xsd:dateTime"
autogen1:Match787, ""2018-08-24T00:00:00"^^xsd:dateTime"
autogen1:Match790, ""2018-08-24T00:00:00"^^xsd:dateTime"
autogen1:Match800, ""2018-08-24T00:00:00"^^xsd:dateTime"
autogen1:Match802, ""2018-08-24T00:00:00"^^xsd:dateTime"
autogen1:Match807, ""2018-08-24T00:00:00"^^xsd:dateTime"
autogen1:Match810, ""2018-08-24T00:00:00"^^xsd:dateTime"
autogen1:Match815, ""2018-08-24T00:00:00"^^xsd:dateTime"
autogen1:Match826, ""2018-08-24T00:00:00"^^xsd:dateTime"
autogen1:Match841, ""2018-08-24T00:00:00"^^xsd:dateTime"
autogen1:Match843, ""2018-08-24T00:00:00"^^xsd:dateTime"
autogen1:Match853, ""2018-08-24T00:00:00"^^xsd:dateTime"
autogen1:Match862, ""2018-08-24T00:00:00"^^xsd:dateTime"
autogen1:Match11, ""2018-08-31T00:00:00"^^xsd:dateTime"
autogen1:Match23, ""2018-08-31T00:00:00"^^xsd:dateTime"
autogen1:Match29, ""2018-08-31T00:00:00"^^xsd:dateTime"
autogen1:Match34, ""2018-08-31T00:00:00"^^xsd:dateTime"
autogen1:Match5, ""2018-08-31T00:00:00"^^xsd:dateTime"
autogen1:Match51, ""2018-08-31T00:00:00"^^xsd:dateTime"
autogen1:Match57, ""2018-08-31T00:00:00"^^xsd:dateTime"
autogen1:Match63, ""2018-08-31T00:00:00"^^xsd:dateTime"
autogen1:Match890, ""2018-09-01T00:00:00"^^xsd:dateTime"
autogen1:Match913, ""2018-09-01T00:00:00"^^xsd:dateTime"
autogen1:Match920, ""2018-09-01T00:00:00"^^xsd:dateTime"
autogen1:Match940, ""2018-09-01T00:00:00"^^xsd:dateTime"
autogen1:Match941, ""2018-09-01T00:00:00"^^xsd:dateTime"
autogen1:Match967, ""2018-09-01T00:00:00"^^xsd:dateTime"
autogen1:Match973, ""2018-09-01T00:00:00"^^xsd:dateTime"
autogen1:Match982, ""2018-09-01T00:00:00"^^xsd:dateTime"
autogen1:Match988, ""2018-09-01T00:00:00"^^xsd:dateTime"
autogen1:Match352, ""2018-09-07T00:00:00"^^xsd:dateTime"
autogen1:Match364, ""2018-09-07T00:00:00"^^xsd:dateTime"
autogen1:Match432, ""2018-09-07T00:00:00"^^xsd:dateTime"
autogen1:Match472, ""2018-09-07T00:00:00"^^xsd:dateTime"
autogen1:Match511, ""2018-09-07T00:00:00"^^xsd:dateTime"
autogen1:Match595, ""2018-09-07T00:00:00"^^xsd:dateTime"
autogen1:Match599, ""2018-09-07T00:00:00"^^xsd:dateTime"
autogen1:Match628, ""2018-09-07T00:00:00"^^xsd:dateTime"
autogen1:Match645, ""2018-09-07T00:00:00"^^xsd:dateTime"
autogen1:Match693, ""2018-09-07T00:00:00"^^xsd:dateTime"
autogen1:Match730, ""2018-09-07T00:00:00"^^xsd:dateTime"
autogen1:Match778, ""2018-09-08T00:00:00"^^xsd:dateTime"
autogen1:Match794, ""2018-09-08T00:00:00"^^xsd:dateTime"
autogen1:Match818, ""2018-09-08T00:00:00"^^xsd:dateTime"
autogen1:Match821, ""2018-09-08T00:00:00"^^xsd:dateTime"
autogen1:Match833, ""2018-09-08T00:00:00"^^xsd:dateTime"
autogen1:Match839, ""2018-09-08T00:00:00"^^xsd:dateTime"
autogen1:Match855, ""2018-09-08T00:00:00"^^xsd:dateTime"
autogen1:Match234, ""2018-09-22T00:00:00"^^xsd:dateTime"
autogen1:Match363, ""2018-09-22T00:00:00"^^xsd:dateTime"
autogen1:Match378, ""2018-09-22T00:00:00"^^xsd:dateTime"
autogen1:Match476, ""2018-09-22T00:00:00"^^xsd:dateTime"
autogen1:Match520, ""2018-09-22T00:00:00"^^xsd:dateTime"
autogen1:Match569, ""2018-09-22T00:00:00"^^xsd:dateTime"
autogen1:Match597, ""2018-09-22T00:00:00"^^xsd:dateTime"
autogen1:Match632, ""2018-09-22T00:00:00"^^xsd:dateTime"
autogen1:Match689, ""2018-09-22T00:00:00"^^xsd:dateTime"
autogen1:Match210, ""2018-10-05T00:00:00"^^xsd:dateTime"
autogen1:Match222, ""2018-10-05T00:00:00"^^xsd:dateTime"
autogen1:Match272, ""2018-10-05T00:00:00"^^xsd:dateTime"
autogen1:Match329, ""2018-10-05T00:00:00"^^xsd:dateTime"
autogen1:Match338, ""2018-10-05T00:00:00"^^xsd:dateTime"
autogen1:Match349, ""2018-10-05T00:00:00"^^xsd:dateTime"
autogen1:Match386, ""2018-10-05T00:00:00"^^xsd:dateTime"
autogen1:Match427, ""2018-10-05T00:00:00"^^xsd:dateTime"
autogen1:Match429, ""2018-10-05T00:00:00"^^xsd:dateTime"
autogen1:Match508, ""2018-10-05T00:00:00"^^xsd:dateTime"
autogen1:Match515, ""2018-10-05T00:00:00"^^xsd:dateTime"
autogen1:Match542, ""2018-10-05T00:00:00"^^xsd:dateTime"
autogen1:Match739, ""2018-10-05T00:00:00"^^xsd:dateTime"
autogen1:Match786, ""2018-10-13T00:00:00"^^xsd:dateTime"
autogen1:Match793, ""2018-10-13T00:00:00"^^xsd:dateTime"
autogen1:Match806, ""2018-10-13T00:00:00"^^xsd:dateTime"
autogen1:Match809, ""2018-10-13T00:00:00"^^xsd:dateTime"
autogen1:Match811, ""2018-10-13T00:00:00"^^xsd:dateTime"
autogen1:Match828, ""2018-10-13T00:00:00"^^xsd:dateTime"
autogen1:Match832, ""2018-10-13T00:00:00"^^xsd:dateTime"
autogen1:Match840, ""2018-10-13T00:00:00"^^xsd:dateTime"
autogen1:Match857, ""2018-10-13T00:00:00"^^xsd:dateTime"
autogen1:Match863, ""2018-10-13T00:00:00"^^xsd:dateTime"
autogen1:Match212, ""2018-10-19T00:00:00"^^xsd:dateTime"
autogen1:Match263, ""2018-10-19T00:00:00"^^xsd:dateTime"
autogen1:Match369, ""2018-10-19T00:00:00"^^xsd:dateTime"
autogen1:Match616, ""2018-10-19T00:00:00"^^xsd:dateTime"
autogen1:Match644, ""2018-10-19T00:00:00"^^xsd:dateTime"
autogen1:Match207, ""2018-10-20T00:00:00"^^xsd:dateTime"
autogen1:Match244, ""2018-10-20T00:00:00"^^xsd:dateTime"
autogen1:Match251, ""2018-10-20T00:00:00"^^xsd:dateTime"
autogen1:Match268, ""2018-10-20T00:00:00"^^xsd:dateTime"
autogen1:Match289, ""2018-10-20T00:00:00"^^xsd:dateTime"
autogen1:Match299, ""2018-10-20T00:00:00"^^xsd:dateTime"
autogen1:Match334, ""2018-10-20T00:00:00"^^xsd:dateTime"
autogen1:Match358, ""2018-10-20T00:00:00"^^xsd:dateTime"
autogen1:Match362, ""2018-10-20T00:00:00"^^xsd:dateTime"
autogen1:Match401, ""2018-10-20T00:00:00"^^xsd:dateTime"
autogen1:Match452, ""2018-10-20T00:00:00"^^xsd:dateTime"
autogen1:Match473, ""2018-10-20T00:00:00"^^xsd:dateTime"
autogen1:Match475, ""2018-10-20T00:00:00"^^xsd:dateTime"
autogen1:Match480, ""2018-10-20T00:00:00"^^xsd:dateTime"
autogen1:Match519, ""2018-10-20T00:00:00"^^xsd:dateTime"
autogen1:Match539, ""2018-10-20T00:00:00"^^xsd:dateTime"
autogen1:Match629, ""2018-10-20T00:00:00"^^xsd:dateTime"
autogen1:Match631, ""2018-10-20T00:00:00"^^xsd:dateTime"
autogen1:Match641, ""2018-10-20T00:00:00"^^xsd:dateTime"
autogen1:Match700, ""2018-10-20T00:00:00"^^xsd:dateTime"
autogen1:Match681, ""2018-10-26T00:00:00"^^xsd:dateTime"
autogen1:Match692, ""2018-10-26T00:00:00"^^xsd:dateTime"
autogen1:Match703, ""2018-10-26T00:00:00"^^xsd:dateTime"
autogen1:Match714, ""2018-10-26T00:00:00"^^xsd:dateTime"
autogen1:Match725, ""2018-10-26T00:00:00"^^xsd:dateTime"
autogen1:Match736, ""2018-10-26T00:00:00"^^xsd:dateTime"
autogen1:Match782, ""2018-10-27T00:00:00"^^xsd:dateTime"
autogen1:Match797, ""2018-10-27T00:00:00"^^xsd:dateTime"
autogen1:Match799, ""2018-10-27T00:00:00"^^xsd:dateTime"
autogen1:Match813, ""2018-10-27T00:00:00"^^xsd:dateTime"
autogen1:Match822, ""2018-10-27T00:00:00"^^xsd:dateTime"
autogen1:Match827, ""2018-10-27T00:00:00"^^xsd:dateTime"
autogen1:Match835, ""2018-10-27T00:00:00"^^xsd:dateTime"
autogen1:Match837, ""2018-10-27T00:00:00"^^xsd:dateTime"
autogen1:Match838, ""2018-10-27T00:00:00"^^xsd:dateTime"
autogen1:Match846, ""2018-10-27T00:00:00"^^xsd:dateTime"
autogen1:Match851, ""2018-10-27T00:00:00"^^xsd:dateTime"
autogen1:Match852, ""2018-10-27T00:00:00"^^xsd:dateTime"
autogen1:Match860, ""2018-10-27T00:00:00"^^xsd:dateTime"
autogen1:Match861, ""2018-10-27T00:00:00"^^xsd:dateTime"
autogen1:Match777, ""2018-11-04T00:00:00"^^xsd:dateTime"
autogen1:Match784, ""2018-11-04T00:00:00"^^xsd:dateTime"
autogen1:Match789, ""2018-11-04T00:00:00"^^xsd:dateTime"
autogen1:Match812, ""2018-11-04T00:00:00"^^xsd:dateTime"
autogen1:Match817, ""2018-11-04T00:00:00"^^xsd:dateTime"
autogen1:Match820, ""2018-11-04T00:00:00"^^xsd:dateTime"
autogen1:Match824, ""2018-11-04T00:00:00"^^xsd:dateTime"
autogen1:Match830, ""2018-11-04T00:00:00"^^xsd:dateTime"
autogen1:Match864, ""2018-11-04T00:00:00"^^xsd:dateTime"
autogen1:Match200, ""2018-11-09T00:00:00"^^xsd:dateTime"
autogen1:Match291, ""2018-11-09T00:00:00"^^xsd:dateTime"
autogen1:Match433, ""2018-11-09T00:00:00"^^xsd:dateTime"
autogen1:Match471, ""2018-11-09T00:00:00"^^xsd:dateTime"
autogen1:Match573, ""2018-11-09T00:00:00"^^xsd:dateTime"
autogen1:Match596, ""2018-11-09T00:00:00"^^xsd:dateTime"
autogen1:Match598, ""2018-11-09T00:00:00"^^xsd:dateTime"
autogen1:Match627, ""2018-11-09T00:00:00"^^xsd:dateTime"
autogen1:Match729, ""2018-11-09T00:00:00"^^xsd:dateTime"
autogen1:Match917, ""2018-11-10T00:00:00"^^xsd:dateTime"
autogen1:Match930, ""2018-11-10T00:00:00"^^xsd:dateTime"
autogen1:Match955, ""2018-11-10T00:00:00"^^xsd:dateTime"
autogen1:Match981, ""2018-11-10T00:00:00"^^xsd:dateTime"
autogen1:Match995, ""2018-11-10T00:00:00"^^xsd:dateTime"
autogen1:Match3, ""2018-11-24T00:00:00"^^xsd:dateTime"
autogen1:Match891, ""2018-11-24T00:00:00"^^xsd:dateTime"
autogen1:Match206, ""2018-11-30T00:00:00"^^xsd:dateTime"
autogen1:Match267, ""2018-11-30T00:00:00"^^xsd:dateTime"
autogen1:Match298, ""2018-11-30T00:00:00"^^xsd:dateTime"
autogen1:Match361, ""2018-11-30T00:00:00"^^xsd:dateTime"
autogen1:Match474, ""2018-11-30T00:00:00"^^xsd:dateTime"
autogen1:Match568, ""2018-11-30T00:00:00"^^xsd:dateTime"
autogen1:Match630, ""2018-11-30T00:00:00"^^xsd:dateTime"
autogen1:Match224, ""2018-12-07T00:00:00"^^xsd:dateTime"
autogen1:Match276, ""2018-12-07T00:00:00"^^xsd:dateTime"
autogen1:Match286, ""2018-12-07T00:00:00"^^xsd:dateTime"
autogen1:Match294, ""2018-12-07T00:00:00"^^xsd:dateTime"
autogen1:Match319, ""2018-12-07T00:00:00"^^xsd:dateTime"
autogen1:Match322, ""2018-12-07T00:00:00"^^xsd:dateTime"
autogen1:Match328, ""2018-12-07T00:00:00"^^xsd:dateTime"
autogen1:Match335, ""2018-12-07T00:00:00"^^xsd:dateTime"
autogen1:Match347, ""2018-12-07T00:00:00"^^xsd:dateTime"
autogen1:Match351, ""2018-12-07T00:00:00"^^xsd:dateTime"
autogen1:Match408, ""2018-12-07T00:00:00"^^xsd:dateTime"
autogen1:Match428, ""2018-12-07T00:00:00"^^xsd:dateTime"
autogen1:Match431, ""2018-12-07T00:00:00"^^xsd:dateTime"
autogen1:Match507, ""2018-12-07T00:00:00"^^xsd:dateTime"
autogen1:Match510, ""2018-12-07T00:00:00"^^xsd:dateTime"
autogen1:Match574, ""2018-12-07T00:00:00"^^xsd:dateTime"
autogen1:Match590, ""2018-12-07T00:00:00"^^xsd:dateTime"
autogen1:Match653, ""2018-12-07T00:00:00"^^xsd:dateTime"
autogen1:Match737, ""2018-12-07T00:00:00"^^xsd:dateTime"
autogen1:Match740, ""2018-12-07T00:00:00"^^xsd:dateTime"
autogen1:Match870, ""2018-12-09T00:00:00"^^xsd:dateTime"
autogen1:Match908, ""2018-12-09T00:00:00"^^xsd:dateTime"
autogen1:Match922, ""2018-12-09T00:00:00"^^xsd:dateTime"
autogen1:Match923, ""2018-12-09T00:00:00"^^xsd:dateTime"
autogen1:Match929, ""2018-12-09T00:00:00"^^xsd:dateTime"
autogen1:Match931, ""2018-12-09T00:00:00"^^xsd:dateTime"
autogen1:Match937, ""2018-12-09T00:00:00"^^xsd:dateTime"
autogen1:Match951, ""2018-12-09T00:00:00"^^xsd:dateTime"
autogen1:Match101, ""2018-12-14T00:00:00"^^xsd:dateTime"
autogen1:Match120, ""2018-12-14T00:00:00"^^xsd:dateTime"
autogen1:Match85, ""2018-12-14T00:00:00"^^xsd:dateTime"
autogen1:Match93, ""2018-12-14T00:00:00"^^xsd:dateTime"
autogen1:Match96, ""2018-12-14T00:00:00"^^xsd:dateTime"
autogen1:Match15, ""2019-01-29T00:00:00"^^xsd:dateTime"
autogen1:Match26, ""2019-01-29T00:00:00"^^xsd:dateTime"
autogen1:Match37, ""2019-01-29T00:00:00"^^xsd:dateTime"
autogen1:Match4, ""2019-01-29T00:00:00"^^xsd:dateTime"
autogen1:Match48, ""2019-01-29T00:00:00"^^xsd:dateTime"
autogen1:Match105, ""2019-02-02T00:00:00"^^xsd:dateTime"
autogen1:Match109, ""2019-02-02T00:00:00"^^xsd:dateTime"
autogen1:Match116, ""2019-02-02T00:00:00"^^xsd:dateTime"
autogen1:Match117, ""2019-02-02T00:00:00"^^xsd:dateTime"
autogen1:Match84, ""2019-02-02T00:00:00"^^xsd:dateTime"
autogen1:Match91, ""2019-02-02T00:00:00"^^xsd:dateTime"
autogen1:Match98, ""2019-02-02T00:00:00"^^xsd:dateTime"
autogen1:Match205, ""2019-02-09T00:00:00"^^xsd:dateTime"
autogen1:Match209, ""2019-02-09T00:00:00"^^xsd:dateTime"
autogen1:Match211, ""2019-02-09T00:00:00"^^xsd:dateTime"
autogen1:Match216, ""2019-02-09T00:00:00"^^xsd:dateTime"
autogen1:Match217, ""2019-02-09T00:00:00"^^xsd:dateTime"
autogen1:Match233, ""2019-02-09T00:00:00"^^xsd:dateTime"
autogen1:Match246, ""2019-02-09T00:00:00"^^xsd:dateTime"
autogen1:Match262, ""2019-02-09T00:00:00"^^xsd:dateTime"
autogen1:Match266, ""2019-02-09T00:00:00"^^xsd:dateTime"
autogen1:Match333, ""2019-02-09T00:00:00"^^xsd:dateTime"
autogen1:Match357, ""2019-02-09T00:00:00"^^xsd:dateTime"
autogen1:Match360, ""2019-02-09T00:00:00"^^xsd:dateTime"
autogen1:Match366, ""2019-02-09T00:00:00"^^xsd:dateTime"
autogen1:Match400, ""2019-02-09T00:00:00"^^xsd:dateTime"
autogen1:Match444, ""2019-02-09T00:00:00"^^xsd:dateTime"
autogen1:Match453, ""2019-02-09T00:00:00"^^xsd:dateTime"
autogen1:Match461, ""2019-02-09T00:00:00"^^xsd:dateTime"
autogen1:Match479, ""2019-02-09T00:00:00"^^xsd:dateTime"
autogen1:Match484, ""2019-02-09T00:00:00"^^xsd:dateTime"
autogen1:Match485, ""2019-02-09T00:00:00"^^xsd:dateTime"
autogen1:Match567, ""2019-02-09T00:00:00"^^xsd:dateTime"
autogen1:Match580, ""2019-02-09T00:00:00"^^xsd:dateTime"
autogen1:Match594, ""2019-02-09T00:00:00"^^xsd:dateTime"
autogen1:Match667, ""2019-02-09T00:00:00"^^xsd:dateTime"
autogen1:Match668, ""2019-02-09T00:00:00"^^xsd:dateTime"
autogen1:Match699, ""2019-02-09T00:00:00"^^xsd:dateTime"
autogen1:Match728, ""2019-02-09T00:00:00"^^xsd:dateTime"
autogen1:Match231, ""2019-02-15T00:00:00"^^xsd:dateTime"
autogen1:Match287, ""2019-02-15T00:00:00"^^xsd:dateTime"
autogen1:Match390, ""2019-02-15T00:00:00"^^xsd:dateTime"
autogen1:Match463, ""2019-02-15T00:00:00"^^xsd:dateTime"
autogen1:Match469, ""2019-02-15T00:00:00"^^xsd:dateTime"
autogen1:Match591, ""2019-02-15T00:00:00"^^xsd:dateTime"
autogen1:Match618, ""2019-02-15T00:00:00"^^xsd:dateTime"
autogen1:Match626, ""2019-02-15T00:00:00"^^xsd:dateTime"
autogen1:Match661, ""2019-02-15T00:00:00"^^xsd:dateTime"
autogen1:Match664, ""2019-02-15T00:00:00"^^xsd:dateTime"
autogen1:Match676, ""2019-02-15T00:00:00"^^xsd:dateTime"
autogen1:Match705, ""2019-02-15T00:00:00"^^xsd:dateTime"
autogen1:Match715, ""2019-02-15T00:00:00"^^xsd:dateTime"
autogen1:Match238, ""2019-03-22T00:00:00"^^xsd:dateTime"
autogen1:Match265, ""2019-03-22T00:00:00"^^xsd:dateTime"
autogen1:Match449, ""2019-03-22T00:00:00"^^xsd:dateTime"
autogen1:Match460, ""2019-03-22T00:00:00"^^xsd:dateTime"
autogen1:Match535, ""2019-03-22T00:00:00"^^xsd:dateTime"
autogen1:Match538, ""2019-03-22T00:00:00"^^xsd:dateTime"
autogen1:Match565, ""2019-03-22T00:00:00"^^xsd:dateTime"
autogen1:Match572, ""2019-03-22T00:00:00"^^xsd:dateTime"
autogen1:Match578, ""2019-03-22T00:00:00"^^xsd:dateTime"
autogen1:Match640, ""2019-03-22T00:00:00"^^xsd:dateTime"
autogen1:Match704, ""2019-03-22T00:00:00"^^xsd:dateTime"
autogen1:Match215, ""2019-04-06T00:00:00"^^xsd:dateTime"
autogen1:Match232, ""2019-04-06T00:00:00"^^xsd:dateTime"
autogen1:Match243, ""2019-04-06T00:00:00"^^xsd:dateTime"
autogen1:Match282, ""2019-04-06T00:00:00"^^xsd:dateTime"
autogen1:Match288, ""2019-04-06T00:00:00"^^xsd:dateTime"
autogen1:Match293, ""2019-04-06T00:00:00"^^xsd:dateTime"
autogen1:Match297, ""2019-04-06T00:00:00"^^xsd:dateTime"
autogen1:Match399, ""2019-04-06T00:00:00"^^xsd:dateTime"
autogen1:Match457, ""2019-04-06T00:00:00"^^xsd:dateTime"
autogen1:Match483, ""2019-04-06T00:00:00"^^xsd:dateTime"
autogen1:Match490, ""2019-04-06T00:00:00"^^xsd:dateTime"
autogen1:Match498, ""2019-04-06T00:00:00"^^xsd:dateTime"
autogen1:Match562, ""2019-04-06T00:00:00"^^xsd:dateTime"
autogen1:Match666, ""2019-04-06T00:00:00"^^xsd:dateTime"
autogen1:Match702, ""2019-04-06T00:00:00"^^xsd:dateTime"
autogen1:Match780, ""2019-04-06T00:00:00"^^xsd:dateTime"
autogen1:Match230, ""2019-04-12T00:00:00"^^xsd:dateTime"
autogen1:Match290, ""2019-04-12T00:00:00"^^xsd:dateTime"
autogen1:Match340, ""2019-04-12T00:00:00"^^xsd:dateTime"
autogen1:Match446, ""2019-04-12T00:00:00"^^xsd:dateTime"
autogen1:Match454, ""2019-04-12T00:00:00"^^xsd:dateTime"
autogen1:Match456, ""2019-04-12T00:00:00"^^xsd:dateTime"
autogen1:Match462, ""2019-04-12T00:00:00"^^xsd:dateTime"
autogen1:Match468, ""2019-04-12T00:00:00"^^xsd:dateTime"
autogen1:Match587, ""2019-04-12T00:00:00"^^xsd:dateTime"
autogen1:Match612, ""2019-04-12T00:00:00"^^xsd:dateTime"
autogen1:Match617, ""2019-04-12T00:00:00"^^xsd:dateTime"
autogen1:Match624, ""2019-04-12T00:00:00"^^xsd:dateTime"
autogen1:Match660, ""2019-04-12T00:00:00"^^xsd:dateTime"
autogen1:Match106, ""2019-04-13T00:00:00"^^xsd:dateTime"
autogen1:Match112, ""2019-04-13T00:00:00"^^xsd:dateTime"
autogen1:Match113, ""2019-04-13T00:00:00"^^xsd:dateTime"
autogen1:Match121, ""2019-04-13T00:00:00"^^xsd:dateTime"
autogen1:Match90, ""2019-04-13T00:00:00"^^xsd:dateTime"
autogen1:Match95, ""2019-04-13T00:00:00"^^xsd:dateTime"
autogen1:Match97, ""2019-04-13T00:00:00"^^xsd:dateTime"
autogen1:Match201, ""2019-04-26T00:00:00"^^xsd:dateTime"
autogen1:Match221, ""2019-04-26T00:00:00"^^xsd:dateTime"
autogen1:Match252, ""2019-04-26T00:00:00"^^xsd:dateTime"
autogen1:Match310, ""2019-04-26T00:00:00"^^xsd:dateTime"
autogen1:Match327, ""2019-04-26T00:00:00"^^xsd:dateTime"
autogen1:Match344, ""2019-04-26T00:00:00"^^xsd:dateTime"
autogen1:Match384, ""2019-04-26T00:00:00"^^xsd:dateTime"
autogen1:Match407, ""2019-04-26T00:00:00"^^xsd:dateTime"
autogen1:Match504, ""2019-04-26T00:00:00"^^xsd:dateTime"
autogen1:Match534, ""2019-04-26T00:00:00"^^xsd:dateTime"
autogen1:Match541, ""2019-04-26T00:00:00"^^xsd:dateTime"
autogen1:Match545, ""2019-04-26T00:00:00"^^xsd:dateTime"
autogen1:Match563, ""2019-04-26T00:00:00"^^xsd:dateTime"
autogen1:Match604, ""2019-04-26T00:00:00"^^xsd:dateTime"
autogen1:Match650, ""2019-04-26T00:00:00"^^xsd:dateTime"
autogen1:Match656, ""2019-04-26T00:00:00"^^xsd:dateTime"
autogen1:Match677, ""2019-04-26T00:00:00"^^xsd:dateTime"
autogen1:Match748, ""2019-04-26T00:00:00"^^xsd:dateTime"
autogen1:Match219, ""2019-05-25T00:00:00"^^xsd:dateTime"
autogen1:Match242, ""2019-05-25T00:00:00"^^xsd:dateTime"
autogen1:Match260, ""2019-05-25T00:00:00"^^xsd:dateTime"
autogen1:Match264, ""2019-05-25T00:00:00"^^xsd:dateTime"
autogen1:Match274, ""2019-05-25T00:00:00"^^xsd:dateTime"
autogen1:Match285, ""2019-05-25T00:00:00"^^xsd:dateTime"
autogen1:Match315, ""2019-05-25T00:00:00"^^xsd:dateTime"
autogen1:Match376, ""2019-05-25T00:00:00"^^xsd:dateTime"
autogen1:Match412, ""2019-05-25T00:00:00"^^xsd:dateTime"
autogen1:Match426, ""2019-05-25T00:00:00"^^xsd:dateTime"
autogen1:Match445, ""2019-05-25T00:00:00"^^xsd:dateTime"
autogen1:Match450, ""2019-05-25T00:00:00"^^xsd:dateTime"
autogen1:Match487, ""2019-05-25T00:00:00"^^xsd:dateTime"
autogen1:Match494, ""2019-05-25T00:00:00"^^xsd:dateTime"
autogen1:Match496, ""2019-05-25T00:00:00"^^xsd:dateTime"
autogen1:Match550, ""2019-05-25T00:00:00"^^xsd:dateTime"
autogen1:Match620, ""2019-05-25T00:00:00"^^xsd:dateTime"
autogen1:Match687, ""2019-05-25T00:00:00"^^xsd:dateTime"
autogen1:Match691, ""2019-05-25T00:00:00"^^xsd:dateTime"
autogen1:Match752, ""2019-05-25T00:00:00"^^xsd:dateTime"
autogen1:Match227, ""2019-06-01T00:00:00"^^xsd:dateTime"
autogen1:Match296, ""2019-06-01T00:00:00"^^xsd:dateTime"
autogen1:Match301, ""2019-06-01T00:00:00"^^xsd:dateTime"
autogen1:Match332, ""2019-06-01T00:00:00"^^xsd:dateTime"
autogen1:Match398, ""2019-06-01T00:00:00"^^xsd:dateTime"
autogen1:Match501, ""2019-06-01T00:00:00"^^xsd:dateTime"
autogen1:Match530, ""2019-06-01T00:00:00"^^xsd:dateTime"
autogen1:Match579, ""2019-06-01T00:00:00"^^xsd:dateTime"
autogen1:Match607, ""2019-06-01T00:00:00"^^xsd:dateTime"
autogen1:Match733, ""2019-06-01T00:00:00"^^xsd:dateTime"
autogen1:Match223, ""2019-06-14T00:00:00"^^xsd:dateTime"
autogen1:Match305, ""2019-06-14T00:00:00"^^xsd:dateTime"
autogen1:Match326, ""2019-06-14T00:00:00"^^xsd:dateTime"
autogen1:Match339, ""2019-06-14T00:00:00"^^xsd:dateTime"
autogen1:Match383, ""2019-06-14T00:00:00"^^xsd:dateTime"
autogen1:Match421, ""2019-06-14T00:00:00"^^xsd:dateTime"
autogen1:Match464, ""2019-06-14T00:00:00"^^xsd:dateTime"
autogen1:Match586, ""2019-06-14T00:00:00"^^xsd:dateTime"
autogen1:Match608, ""2019-06-14T00:00:00"^^xsd:dateTime"
autogen1:Match619, ""2019-06-14T00:00:00"^^xsd:dateTime"
autogen1:Match635, ""2019-06-14T00:00:00"^^xsd:dateTime"
autogen1:Match659, ""2019-06-14T00:00:00"^^xsd:dateTime"
autogen1:Match663, ""2019-06-14T00:00:00"^^xsd:dateTime"
autogen1:Match711, ""2019-06-14T00:00:00"^^xsd:dateTime"
autogen1:Match723, ""2019-06-14T00:00:00"^^xsd:dateTime"
autogen1:Match742, ""2019-06-14T00:00:00"^^xsd:dateTime"
autogen1:Match204, ""2019-06-28T00:00:00"^^xsd:dateTime"
autogen1:Match241, ""2019-06-28T00:00:00"^^xsd:dateTime"
autogen1:Match284, ""2019-06-28T00:00:00"^^xsd:dateTime"
autogen1:Match307, ""2019-06-28T00:00:00"^^xsd:dateTime"
autogen1:Match308, ""2019-06-28T00:00:00"^^xsd:dateTime"
autogen1:Match375, ""2019-06-28T00:00:00"^^xsd:dateTime"
autogen1:Match422, ""2019-06-28T00:00:00"^^xsd:dateTime"
autogen1:Match423, ""2019-06-28T00:00:00"^^xsd:dateTime"
autogen1:Match435, ""2019-06-28T00:00:00"^^xsd:dateTime"
autogen1:Match437, ""2019-06-28T00:00:00"^^xsd:dateTime"
autogen1:Match438, ""2019-06-28T00:00:00"^^xsd:dateTime"
autogen1:Match500, ""2019-06-28T00:00:00"^^xsd:dateTime"
autogen1:Match531, ""2019-06-28T00:00:00"^^xsd:dateTime"
autogen1:Match543, ""2019-06-28T00:00:00"^^xsd:dateTime"
autogen1:Match577, ""2019-06-28T00:00:00"^^xsd:dateTime"
autogen1:Match701, ""2019-06-28T00:00:00"^^xsd:dateTime"
autogen1:Match717, ""2019-06-28T00:00:00"^^xsd:dateTime"
autogen1:Match722, ""2019-06-28T00:00:00"^^xsd:dateTime"
autogen1:Match744, ""2019-06-28T00:00:00"^^xsd:dateTime"
autogen1:Match745, ""2019-06-28T00:00:00"^^xsd:dateTime"
autogen1:Match236, ""2019-06-29T00:00:00"^^xsd:dateTime"
autogen1:Match256, ""2019-06-29T00:00:00"^^xsd:dateTime"
autogen1:Match261, ""2019-06-29T00:00:00"^^xsd:dateTime"
autogen1:Match313, ""2019-06-29T00:00:00"^^xsd:dateTime"
autogen1:Match316, ""2019-06-29T00:00:00"^^xsd:dateTime"
autogen1:Match411, ""2019-06-29T00:00:00"^^xsd:dateTime"
autogen1:Match424, ""2019-06-29T00:00:00"^^xsd:dateTime"
autogen1:Match458, ""2019-06-29T00:00:00"^^xsd:dateTime"
autogen1:Match466, ""2019-06-29T00:00:00"^^xsd:dateTime"
autogen1:Match489, ""2019-06-29T00:00:00"^^xsd:dateTime"
autogen1:Match497, ""2019-06-29T00:00:00"^^xsd:dateTime"
autogen1:Match537, ""2019-06-29T00:00:00"^^xsd:dateTime"
autogen1:Match549, ""2019-06-29T00:00:00"^^xsd:dateTime"
autogen1:Match551, ""2019-06-29T00:00:00"^^xsd:dateTime"
autogen1:Match566, ""2019-06-29T00:00:00"^^xsd:dateTime"
autogen1:Match571, ""2019-06-29T00:00:00"^^xsd:dateTime"
autogen1:Match615, ""2019-06-29T00:00:00"^^xsd:dateTime"
autogen1:Match638, ""2019-06-29T00:00:00"^^xsd:dateTime"
autogen1:Match665, ""2019-06-29T00:00:00"^^xsd:dateTime"
autogen1:Match675, ""2019-06-29T00:00:00"^^xsd:dateTime"
autogen1:Match682, ""2019-06-29T00:00:00"^^xsd:dateTime"
autogen1:Match683, ""2019-06-29T00:00:00"^^xsd:dateTime"
autogen1:Match685, ""2019-06-29T00:00:00"^^xsd:dateTime"
autogen1:Match688, ""2019-06-29T00:00:00"^^xsd:dateTime"
autogen1:Match694, ""2019-06-29T00:00:00"^^xsd:dateTime"
autogen1:Match712, ""2019-06-29T00:00:00"^^xsd:dateTime"
autogen1:Match751, ""2019-06-29T00:00:00"^^xsd:dateTime"
autogen1:Match753, ""2019-06-29T00:00:00"^^xsd:dateTime"
autogen1:Match218, ""2019-07-27T00:00:00"^^xsd:dateTime"
autogen1:Match235, ""2019-07-27T00:00:00"^^xsd:dateTime"
autogen1:Match240, ""2019-07-27T00:00:00"^^xsd:dateTime"
autogen1:Match250, ""2019-07-27T00:00:00"^^xsd:dateTime"
autogen1:Match255, ""2019-07-27T00:00:00"^^xsd:dateTime"
autogen1:Match258, ""2019-07-27T00:00:00"^^xsd:dateTime"
autogen1:Match275, ""2019-07-27T00:00:00"^^xsd:dateTime"
autogen1:Match318, ""2019-07-27T00:00:00"^^xsd:dateTime"
autogen1:Match356, ""2019-07-27T00:00:00"^^xsd:dateTime"
autogen1:Match434, ""2019-07-27T00:00:00"^^xsd:dateTime"
autogen1:Match441, ""2019-07-27T00:00:00"^^xsd:dateTime"
autogen1:Match478, ""2019-07-27T00:00:00"^^xsd:dateTime"
autogen1:Match486, ""2019-07-27T00:00:00"^^xsd:dateTime"
autogen1:Match523, ""2019-07-27T00:00:00"^^xsd:dateTime"
autogen1:Match524, ""2019-07-27T00:00:00"^^xsd:dateTime"
autogen1:Match533, ""2019-07-27T00:00:00"^^xsd:dateTime"
autogen1:Match553, ""2019-07-27T00:00:00"^^xsd:dateTime"
autogen1:Match576, ""2019-07-27T00:00:00"^^xsd:dateTime"
autogen1:Match583, ""2019-07-27T00:00:00"^^xsd:dateTime"
autogen1:Match584, ""2019-07-27T00:00:00"^^xsd:dateTime"
autogen1:Match623, ""2019-07-27T00:00:00"^^xsd:dateTime"
autogen1:Match637, ""2019-07-27T00:00:00"^^xsd:dateTime"
autogen1:Match639, ""2019-07-27T00:00:00"^^xsd:dateTime"
autogen1:Match669, ""2019-07-27T00:00:00"^^xsd:dateTime"
autogen1:Match673, ""2019-07-27T00:00:00"^^xsd:dateTime"
autogen1:Match680, ""2019-07-27T00:00:00"^^xsd:dateTime"
autogen1:Match684, ""2019-07-27T00:00:00"^^xsd:dateTime"
autogen1:Match698, ""2019-07-27T00:00:00"^^xsd:dateTime"
autogen1:Match324, ""2019-08-09T00:00:00"^^xsd:dateTime"
autogen1:Match346, ""2019-08-09T00:00:00"^^xsd:dateTime"
autogen1:Match350, ""2019-08-09T00:00:00"^^xsd:dateTime"
autogen1:Match382, ""2019-08-09T00:00:00"^^xsd:dateTime"
autogen1:Match419, ""2019-08-09T00:00:00"^^xsd:dateTime"
autogen1:Match420, ""2019-08-09T00:00:00"^^xsd:dateTime"
autogen1:Match430, ""2019-08-09T00:00:00"^^xsd:dateTime"
autogen1:Match506, ""2019-08-09T00:00:00"^^xsd:dateTime"
autogen1:Match509, ""2019-08-09T00:00:00"^^xsd:dateTime"
autogen1:Match606, ""2019-08-09T00:00:00"^^xsd:dateTime"
autogen1:Match609, ""2019-08-09T00:00:00"^^xsd:dateTime"
autogen1:Match634, ""2019-08-09T00:00:00"^^xsd:dateTime"
autogen1:Match646, ""2019-08-09T00:00:00"^^xsd:dateTime"
autogen1:Match708, ""2019-08-09T00:00:00"^^xsd:dateTime"
autogen1:Match710, ""2019-08-09T00:00:00"^^xsd:dateTime"
autogen1:Match719, ""2019-08-09T00:00:00"^^xsd:dateTime"
autogen1:Match731, ""2019-08-09T00:00:00"^^xsd:dateTime"
autogen1:Match734, ""2019-08-09T00:00:00"^^xsd:dateTime"
autogen1:Match100, ""2019-08-17T00:00:00"^^xsd:dateTime"
autogen1:Match107, ""2019-08-17T00:00:00"^^xsd:dateTime"
autogen1:Match111, ""2019-08-17T00:00:00"^^xsd:dateTime"
autogen1:Match118, ""2019-08-17T00:00:00"^^xsd:dateTime"
autogen1:Match83, ""2019-08-17T00:00:00"^^xsd:dateTime"
autogen1:Match887, ""2019-08-17T00:00:00"^^xsd:dateTime"
autogen1:Match89, ""2019-08-17T00:00:00"^^xsd:dateTime"
autogen1:Match901, ""2019-08-17T00:00:00"^^xsd:dateTime"
autogen1:Match904, ""2019-08-17T00:00:00"^^xsd:dateTime"
autogen1:Match907, ""2019-08-17T00:00:00"^^xsd:dateTime"
autogen1:Match926, ""2019-08-17T00:00:00"^^xsd:dateTime"
autogen1:Match939, ""2019-08-17T00:00:00"^^xsd:dateTime"
autogen1:Match950, ""2019-08-17T00:00:00"^^xsd:dateTime"
autogen1:Match974, ""2019-08-17T00:00:00"^^xsd:dateTime"
autogen1:Match983, ""2019-08-17T00:00:00"^^xsd:dateTime"
autogen1:Match271, ""2019-08-23T00:00:00"^^xsd:dateTime"
autogen1:Match278, ""2019-08-23T00:00:00"^^xsd:dateTime"
autogen1:Match304, ""2019-08-23T00:00:00"^^xsd:dateTime"
autogen1:Match309, ""2019-08-23T00:00:00"^^xsd:dateTime"
autogen1:Match311, ""2019-08-23T00:00:00"^^xsd:dateTime"
autogen1:Match323, ""2019-08-23T00:00:00"^^xsd:dateTime"
autogen1:Match374, ""2019-08-23T00:00:00"^^xsd:dateTime"
autogen1:Match404, ""2019-08-23T00:00:00"^^xsd:dateTime"
autogen1:Match406, ""2019-08-23T00:00:00"^^xsd:dateTime"
autogen1:Match417, ""2019-08-23T00:00:00"^^xsd:dateTime"
autogen1:Match482, ""2019-08-23T00:00:00"^^xsd:dateTime"
autogen1:Match528, ""2019-08-23T00:00:00"^^xsd:dateTime"
autogen1:Match544, ""2019-08-23T00:00:00"^^xsd:dateTime"
autogen1:Match546, ""2019-08-23T00:00:00"^^xsd:dateTime"
autogen1:Match721, ""2019-08-23T00:00:00"^^xsd:dateTime"
autogen1:Match741, ""2019-08-23T00:00:00"^^xsd:dateTime"
autogen1:Match746, ""2019-08-23T00:00:00"^^xsd:dateTime"
autogen1:Match749, ""2019-08-23T00:00:00"^^xsd:dateTime"
autogen1:Match280, ""2019-08-24T00:00:00"^^xsd:dateTime"
autogen1:Match283, ""2019-08-24T00:00:00"^^xsd:dateTime"
autogen1:Match372, ""2019-08-24T00:00:00"^^xsd:dateTime"
autogen1:Match393, ""2019-08-24T00:00:00"^^xsd:dateTime"
autogen1:Match405, ""2019-08-24T00:00:00"^^xsd:dateTime"
autogen1:Match409, ""2019-08-24T00:00:00"^^xsd:dateTime"
autogen1:Match554, ""2019-08-24T00:00:00"^^xsd:dateTime"
autogen1:Match555, ""2019-08-24T00:00:00"^^xsd:dateTime"
autogen1:Match556, ""2019-08-24T00:00:00"^^xsd:dateTime"
autogen1:Match557, ""2019-08-24T00:00:00"^^xsd:dateTime"
autogen1:Match561, ""2019-08-24T00:00:00"^^xsd:dateTime"
autogen1:Match245, ""2019-08-31T00:00:00"^^xsd:dateTime"
autogen1:Match257, ""2019-08-31T00:00:00"^^xsd:dateTime"
autogen1:Match312, ""2019-08-31T00:00:00"^^xsd:dateTime"
autogen1:Match317, ""2019-08-31T00:00:00"^^xsd:dateTime"
autogen1:Match465, ""2019-08-31T00:00:00"^^xsd:dateTime"
autogen1:Match518, ""2019-08-31T00:00:00"^^xsd:dateTime"
autogen1:Match522, ""2019-08-31T00:00:00"^^xsd:dateTime"
autogen1:Match529, ""2019-08-31T00:00:00"^^xsd:dateTime"
autogen1:Match548, ""2019-08-31T00:00:00"^^xsd:dateTime"
autogen1:Match552, ""2019-08-31T00:00:00"^^xsd:dateTime"
autogen1:Match622, ""2019-08-31T00:00:00"^^xsd:dateTime"
autogen1:Match633, ""2019-08-31T00:00:00"^^xsd:dateTime"
autogen1:Match707, ""2019-08-31T00:00:00"^^xsd:dateTime"
autogen1:Match726, ""2019-08-31T00:00:00"^^xsd:dateTime"
autogen1:Match750, ""2019-08-31T00:00:00"^^xsd:dateTime"
autogen1:Match202, ""2019-09-07T00:00:00"^^xsd:dateTime"
autogen1:Match249, ""2019-09-07T00:00:00"^^xsd:dateTime"
autogen1:Match300, ""2019-09-07T00:00:00"^^xsd:dateTime"
autogen1:Match302, ""2019-09-07T00:00:00"^^xsd:dateTime"
autogen1:Match331, ""2019-09-07T00:00:00"^^xsd:dateTime"
autogen1:Match385, ""2019-09-07T00:00:00"^^xsd:dateTime"
autogen1:Match403, ""2019-09-07T00:00:00"^^xsd:dateTime"
autogen1:Match414, ""2019-09-07T00:00:00"^^xsd:dateTime"
autogen1:Match425, ""2019-09-07T00:00:00"^^xsd:dateTime"
autogen1:Match436, ""2019-09-07T00:00:00"^^xsd:dateTime"
autogen1:Match448, ""2019-09-07T00:00:00"^^xsd:dateTime"
autogen1:Match451, ""2019-09-07T00:00:00"^^xsd:dateTime"
autogen1:Match459, ""2019-09-07T00:00:00"^^xsd:dateTime"
autogen1:Match470, ""2019-09-07T00:00:00"^^xsd:dateTime"
autogen1:Match481, ""2019-09-07T00:00:00"^^xsd:dateTime"
autogen1:Match492, ""2019-09-07T00:00:00"^^xsd:dateTime"
autogen1:Match493, ""2019-09-07T00:00:00"^^xsd:dateTime"
autogen1:Match503, ""2019-09-07T00:00:00"^^xsd:dateTime"
autogen1:Match514, ""2019-09-07T00:00:00"^^xsd:dateTime"
autogen1:Match525, ""2019-09-07T00:00:00"^^xsd:dateTime"
autogen1:Match527, ""2019-09-07T00:00:00"^^xsd:dateTime"
autogen1:Match536, ""2019-09-07T00:00:00"^^xsd:dateTime"
autogen1:Match547, ""2019-09-07T00:00:00"^^xsd:dateTime"
autogen1:Match559, ""2019-09-07T00:00:00"^^xsd:dateTime"
autogen1:Match570, ""2019-09-07T00:00:00"^^xsd:dateTime"
autogen1:Match581, ""2019-09-07T00:00:00"^^xsd:dateTime"
autogen1:Match589, ""2019-09-07T00:00:00"^^xsd:dateTime"
autogen1:Match592, ""2019-09-07T00:00:00"^^xsd:dateTime"
autogen1:Match600, ""2019-09-07T00:00:00"^^xsd:dateTime"
autogen1:Match603, ""2019-09-07T00:00:00"^^xsd:dateTime"
autogen1:Match614, ""2019-09-07T00:00:00"^^xsd:dateTime"
autogen1:Match648, ""2019-09-07T00:00:00"^^xsd:dateTime"
autogen1:Match649, ""2019-09-07T00:00:00"^^xsd:dateTime"
autogen1:Match229, ""2019-09-14T00:00:00"^^xsd:dateTime"
autogen1:Match440, ""2019-09-14T00:00:00"^^xsd:dateTime"
autogen1:Match499, ""2019-09-14T00:00:00"^^xsd:dateTime"
autogen1:Match521, ""2019-09-14T00:00:00"^^xsd:dateTime"
autogen1:Match564, ""2019-09-14T00:00:00"^^xsd:dateTime"
autogen1:Match611, ""2019-09-14T00:00:00"^^xsd:dateTime"
autogen1:Match643, ""2019-09-14T00:00:00"^^xsd:dateTime"
autogen1:Match706, ""2019-09-14T00:00:00"^^xsd:dateTime"
autogen1:Match713, ""2019-09-14T00:00:00"^^xsd:dateTime"
autogen1:Match220, ""2019-09-26T00:00:00"^^xsd:dateTime"
autogen1:Match239, ""2019-09-26T00:00:00"^^xsd:dateTime"
autogen1:Match321, ""2019-09-26T00:00:00"^^xsd:dateTime"
autogen1:Match342, ""2019-09-26T00:00:00"^^xsd:dateTime"
autogen1:Match345, ""2019-09-26T00:00:00"^^xsd:dateTime"
autogen1:Match354, ""2019-09-26T00:00:00"^^xsd:dateTime"
autogen1:Match380, ""2019-09-26T00:00:00"^^xsd:dateTime"
autogen1:Match391, ""2019-09-26T00:00:00"^^xsd:dateTime"
autogen1:Match439, ""2019-09-26T00:00:00"^^xsd:dateTime"
autogen1:Match455, ""2019-09-26T00:00:00"^^xsd:dateTime"
autogen1:Match505, ""2019-09-26T00:00:00"^^xsd:dateTime"
autogen1:Match513, ""2019-09-26T00:00:00"^^xsd:dateTime"
autogen1:Match517, ""2019-09-26T00:00:00"^^xsd:dateTime"
autogen1:Match540, ""2019-09-26T00:00:00"^^xsd:dateTime"
autogen1:Match602, ""2019-09-26T00:00:00"^^xsd:dateTime"
autogen1:Match605, ""2019-09-26T00:00:00"^^xsd:dateTime"
autogen1:Match610, ""2019-09-26T00:00:00"^^xsd:dateTime"
autogen1:Match651, ""2019-09-26T00:00:00"^^xsd:dateTime"
autogen1:Match655, ""2019-09-26T00:00:00"^^xsd:dateTime"
autogen1:Match662, ""2019-09-26T00:00:00"^^xsd:dateTime"
autogen1:Match696, ""2019-09-26T00:00:00"^^xsd:dateTime"
autogen1:Match709, ""2019-09-26T00:00:00"^^xsd:dateTime"
autogen1:Match732, ""2019-09-26T00:00:00"^^xsd:dateTime"
autogen1:Match247, ""2019-09-28T00:00:00"^^xsd:dateTime"
autogen1:Match254, ""2019-09-28T00:00:00"^^xsd:dateTime"
autogen1:Match273, ""2019-09-28T00:00:00"^^xsd:dateTime"
autogen1:Match306, ""2019-09-28T00:00:00"^^xsd:dateTime"
autogen1:Match355, ""2019-09-28T00:00:00"^^xsd:dateTime"
autogen1:Match377, ""2019-09-28T00:00:00"^^xsd:dateTime"
autogen1:Match388, ""2019-09-28T00:00:00"^^xsd:dateTime"
autogen1:Match477, ""2019-09-28T00:00:00"^^xsd:dateTime"
autogen1:Match491, ""2019-09-28T00:00:00"^^xsd:dateTime"
autogen1:Match671, ""2019-09-28T00:00:00"^^xsd:dateTime"
autogen1:Match672, ""2019-09-28T00:00:00"^^xsd:dateTime"
autogen1:Match679, ""2019-09-28T00:00:00"^^xsd:dateTime"
autogen1:Match686, ""2019-09-28T00:00:00"^^xsd:dateTime"
autogen1:Match697, ""2019-09-28T00:00:00"^^xsd:dateTime"
autogen1:Match727, ""2019-09-28T00:00:00"^^xsd:dateTime"
autogen1:Match743, ""2019-09-28T00:00:00"^^xsd:dateTime"
autogen1:Match14, ""2019-10-04T00:00:00"^^xsd:dateTime"
autogen1:Match17, ""2019-10-04T00:00:00"^^xsd:dateTime"
autogen1:Match277, ""2019-10-04T00:00:00"^^xsd:dateTime"
autogen1:Match33, ""2019-10-04T00:00:00"^^xsd:dateTime"
autogen1:Match368, ""2019-10-04T00:00:00"^^xsd:dateTime"
autogen1:Match402, ""2019-10-04T00:00:00"^^xsd:dateTime"
autogen1:Match410, ""2019-10-04T00:00:00"^^xsd:dateTime"
autogen1:Match56, ""2019-10-04T00:00:00"^^xsd:dateTime"
autogen1:Match560, ""2019-10-04T00:00:00"^^xsd:dateTime"
autogen1:Match582, ""2019-10-04T00:00:00"^^xsd:dateTime"
autogen1:Match601, ""2019-10-04T00:00:00"^^xsd:dateTime"
autogen1:Match62, ""2019-10-04T00:00:00"^^xsd:dateTime"
autogen1:Match69, ""2019-10-04T00:00:00"^^xsd:dateTime"
autogen1:Match716, ""2019-10-04T00:00:00"^^xsd:dateTime"
autogen1:Match79, ""2019-10-04T00:00:00"^^xsd:dateTime"
autogen1:Match341, ""2019-10-05T00:00:00"^^xsd:dateTime"
autogen1:Match343, ""2019-10-05T00:00:00"^^xsd:dateTime"
autogen1:Match371, ""2019-10-05T00:00:00"^^xsd:dateTime"
autogen1:Match395, ""2019-10-05T00:00:00"^^xsd:dateTime"
autogen1:Match502, ""2019-10-05T00:00:00"^^xsd:dateTime"
autogen1:Match695, ""2019-10-05T00:00:00"^^xsd:dateTime"
autogen1:Match1, ""2019-10-19T00:00:00"^^xsd:dateTime"
autogen1:Match353, ""2019-11-21T00:00:00"^^xsd:dateTime"
autogen1:Match379, ""2019-11-21T00:00:00"^^xsd:dateTime"
autogen1:Match397, ""2019-11-21T00:00:00"^^xsd:dateTime"
autogen1:Match488, ""2019-11-21T00:00:00"^^xsd:dateTime"
autogen1:Match495, ""2019-11-21T00:00:00"^^xsd:dateTime"
autogen1:Match512, ""2019-11-21T00:00:00"^^xsd:dateTime"
autogen1:Match516, ""2019-11-21T00:00:00"^^xsd:dateTime"
autogen1:Match657, ""2019-11-21T00:00:00"^^xsd:dateTime"
autogen1:Match735, ""2019-11-21T00:00:00"^^xsd:dateTime"
autogen1:Match279, ""2019-12-07T00:00:00"^^xsd:dateTime"
autogen1:Match413, ""2019-12-07T00:00:00"^^xsd:dateTime"
autogen1:Match416, ""2019-12-07T00:00:00"^^xsd:dateTime"
autogen1:Match526, ""2019-12-07T00:00:00"^^xsd:dateTime"
autogen1:Match585, ""2019-12-07T00:00:00"^^xsd:dateTime"
autogen1:Match652, ""2019-12-07T00:00:00"^^xsd:dateTime"
autogen1:Match674, ""2019-12-07T00:00:00"^^xsd:dateTime"
autogen1:Match868, ""2019-12-13T00:00:00"^^xsd:dateTime"
autogen1:Match883, ""2019-12-13T00:00:00"^^xsd:dateTime"
autogen1:Match935, ""2019-12-13T00:00:00"^^xsd:dateTime"
